Workbook

Sheet TikTok_Input
A1: date | B1: hashtag | C1: hashtag_type | D1: rank | E1: is_new | F1: posts_7d | G1: posts_total | H1: interest_d1 | I1: interest_d2 | J1: interest_d3 | K1: interest_d4 | L1: interest_d5 | M1: interest_d6 | N1: interest_d7 | O1: country_code | P1: period_days | Q1: category | R1: creative_center_url | S1: note
A2: 46156 | B2: #streetfood | C2: context | D2: 1 | E2: Y | F2: 204 | G2: 2000000 | H2: 81 | I2: 76 | J2: 89 | K2: 89 | L2: 88 | M2: 100 | N2: 85 | O2: KR | P2: 7 | Q2: Food & Beverage | R2: https://ads.tiktok.com/business/creativecenter/hashtag/streetfood/pc/en?countryCode=KR&period=7 | S2: 길거리음식 맥락
A3: 46156 | B3: #오늘뭐먹지 | C3: context | D3: 2 | E3: N | F3: 409 | G3: 24000 | H3: 82 | I3: 85 | J3: 96 | K3: 98 | L3: 100 | M3: 95 | N3: 87 | O3: KR | P3: 7 | Q3: Food & Beverage | R3: https://ads.tiktok.com/business/creativecenter/hashtag/%EC%98%A4%EB%8A%98%EB%AD%90%EB%A8%B9%EC%A7%80/pc/en?countryCode=KR&period=7 | S3: 넓은 소비 맥락. 상품명과 직접 연결하지 않음
A4: 46156 | B4: #한국음식 | C4: context | D4: 3 | E4: N | F4: 251 | G4: 24000 | H4: 62 | I4: 83 | J4: 94 | K4: 100 | L4: 84 | M4: 90 | N4: 77 | O4: KR | P4: 7 | Q4: Food & Beverage | R4: https://ads.tiktok.com/business/creativecenter/hashtag/%ED%95%9C%EA%B5%AD%EC%9D%8C%EC%8B%9D/pc/en?countryCode=KR&period=7 | S4: 레시피 상품 확인 필요. 관련 상품명 추출은 보류
A5: 46156 | B5: #천안맛집 | C5: place | D5: 4 | E5: N | F5: 116 | G5: 7000 | H5: 69 | I5: 67 | J5: 99 | K5: 100 | L5: 77 | M5: 64 | N5: 57 | O5: KR | P5: 7 | Q5: Food & Beverage | R5: https://ads.tiktok.com/business/creativecenter/hashtag/%EC%B2%9C%EC%95%88%EB%A7%9B%EC%A7%91/pc/en?countryCode=KR&period=7 | S5: 장소형 해시태그. EarlyPick 상품 판단에는 보조 맥락만 사용
A6: 46156 | B6: #제철음식 | C6: menu_food | D6: 5 | E6: Y | F6: 77 | G6: 4000 | H6: 75 | I6: 100 | J6: 62 | K6: 92 | L6: 77 | M6: 72 | N6: 77 | O6: KR | P6: 7 | Q6: Food & Beverage | R6: https://ads.tiktok.com/business/creativecenter/hashtag/%EC%A0%9C%EC%B2%A0%EC%9D%8C%EC%8B%9D/pc/en?countryCode=KR&period=7 | S6: 제철음식명 확인 필요
A7: 46156 | B7: #다이어트간식 | C7: context | D7: 6 | E7: N | F7: 77 | G7: 6000 | H7: 64 | I7: 67 | J7: 60 | K7: 100 | L7: 74 | M7: 65 | N7: 64 | O7: KR | P7: 7 | Q7: Food & Beverage | R7: https://ads.tiktok.com/business/creativecenter/hashtag/%EB%8B%A4%EC%9D%B4%EC%96%B4%ED%8A%B8%EA%B0%84%EC%8B%9D/pc/en?countryCode=KR&period=7 | S7: 다이어트 간식 확인 필요
A8: 46156 | B8: #열무김치 | C8: product | D8: 8 | E8: N | F8: 36 | G8: 2000 | H8: 44 | I8: 100 | J8: 59 | K8: 47 | L8: 38 | M8: 37 | N8: 59 | O8: KR | P8: 7 | Q8: Food & Beverage | R8: https://ads.tiktok.com/business/creativecenter/hashtag/%EC%97%B4%EB%AC%B4%EA%B9%80%EC%B9%98/pc/en?countryCode=KR&period=7 | S8: 상품형 해시태그. canonical_product_name=열무김치로 연결 가능
A9: 46156 | B9: #전주맛집 | C9: place | D9: 9 | E9: N | F9: 93 | G9: 8000 | H9: 79 | I9: 97 | J9: 91 | K9: 92 | L9: 87 | M9: 100 | N9: 100 | O9: KR | P9: 7 | Q9: Food & Beverage | R9: https://ads.tiktok.com/business/creativecenter/hashtag/%EC%A0%84%EC%A3%BC%EB%A7%9B%EC%A7%91/pc/en?countryCode=KR&period=7 | S9: 장소형 해시태그. EarlyPick 상품 판단에는 보조 맥락만 사용
A10: 46156 | B10: #koreanstreetfood | C10: context | D10: 10 | E10: N | F10: 71 | G10: 63000 | H10: 100 | I10: 75 | J10: 89 | K10: 88 | L10: 67 | M10: 93 | N10: 99 | O10: KR | P10: 7 | Q10: Food & Beverage | R10: https://ads.tiktok.com/business/creativecenter/hashtag/koreanstreetfood/pc/en?countryCode=KR&period=7 | S10: 길거리음식 맥락
A11: 46156 | B11: #foodreview | C11: context | D11: 12 | E11: N | F11: 186 | G11: 3000000 | H11: 91 | I11: 100 | J11: 100 | K11: 96 | L11: 98 | M11: 96 | N11: 91 | O11: KR | P11: 7 | Q11: Food & Beverage | R11: https://ads.tiktok.com/business/creativecenter/hashtag/foodreview/pc/en?countryCode=KR&period=7 | S11: 넓은 소비 맥락. 참고만
A12: 46156 | B12: #두리안 | C12: product | D12: 13 | E12: N | F12: 34 | G12: 5000 | H12: 48 | I12: 22 | J12: 36 | K12: 50 | L12: 62 | M12: 100 | N12: 41 | O12: KR | P12: 7 | Q12: Food & Beverage | R12: https://ads.tiktok.com/business/creativecenter/hashtag/%EB%91%90%EB%A6%AC%EC%95%88/pc/en?countryCode=KR&period=7 | S12: 상품형 해시태그. canonical_product_name=두리안로 연결 가능
A13: 46156 | B13: #서면맛집 | C13: place | D13: 14 | E13: N | F13: 56 | G13: 3000 | H13: 56 | I13: 100 | J13: 52 | K13: 66 | L13: 85 | M13: 68 | N13: 86 | O13: KR | P13: 7 | Q13: Food & Beverage | R13: https://ads.tiktok.com/business/creativecenter/hashtag/%EC%84%9C%EB%A9%B4%EB%A7%9B%EC%A7%91/pc/en?countryCode=KR&period=7 | S13: 장소형 해시태그. EarlyPick 상품 판단에는 보조 맥락만 사용
... A45: 46156 | B45: #ube | C45: product | D45: 98 | E45: N | F45: 18 | G45: 122000 | H45: 94 | I45: 100 | J45: 57 | K45: 39 | L45: 38 | M45: 64 | N45: 68 | O45: KR | P45: 7 | Q45: Food & Beverage | R45: https://ads.tiktok.com/business/creativecenter/hashtag/ube/pc/en?countryCode=KR&period=7 | S45: 상품형 해시태그. canonical_product_name=우베로 연결 가능

Sheet Hashtag_Map
A1: hashtag | B1: hashtag_type | C1: canonical_product_name | D1: market_match_name | E1: link_confidence | F1: use_for_naver_link | G1: use_for_market_price | H1: note
A2: #홈카페 | B2: context | E2: low | F2: N | G2: N | H2: 소비 맥락. related videos에서 상품명 추출은 참고 메모로만 사용
A3: #성주참외 | B3: product | C3: 참외 | D3: 참외 | E3: high | F3: Y | G3: Y | H3: 상품형 해시태그. 네이버/시장가 연결 후보
A4: #말차라떼 | B4: product | C4: 말차라떼 | D4: 말차 | E4: medium | F4: Y | G4: N | H4: 음료형 상품. 네이버 검색/쇼핑은 연결, 원물 가격은 직접 판단 금지
A5: #홍대맛집 | B5: place | E5: low | F5: N | G5: N | H5: 장소형. EarlyPick 상품 후보가 아니라 지역/외식 맥락
A6: #두바이초콜릿 | B6: product | C6: 두바이초콜릿 | E6: medium | F6: Y | G6: N | H6: 가공/완제품형. 시장 원물 가격과 직접 연결하지 않음
A7: #간식추천 | B7: context | E7: low | F7: N | G7: N | H7: 넓은 맥락형. 상품 연결 제외

Sheet Feature_Output_Example
A1: date | B1: hashtag | C1: hashtag_type | D1: canonical_product_name | E1: rank | F1: is_new | G1: posts_7d | H1: posts_total | I1: interest_latest | J1: interest_peak | K1: interest_slope_7d | L1: rank_score | M1: posts_7d_score | N1: posts_total_score | O1: category_score | P1: new_score | Q1: tiktok_score | R1: tiktok_stage | S1: naver_link_rule | T1: screen_message
A2: =TikTok_Input!#REF! -> #REF! | B2: =TikTok_Input!#REF! -> #REF! | C2: =TikTok_Input!#REF! -> #REF! | D2: =IFERROR(VLOOKUP(B2,Hashtag_Map!$A:$H,3,FALSE),"") | E2: =TikTok_Input!#REF! -> #REF! | F2: =TikTok_Input!#REF! -> #REF! | G2: =TikTok_Input!#REF! -> #REF! | H2: =TikTok_Input!#REF! -> #REF! | I2: =TikTok_Input!#REF! -> #REF! | J2: =MAX(TikTok_Input!#REF!) -> #REF! | K2: =TikTok_Input!#REF!-TikTok_Input!#REF! -> #REF! | L2: =IF(E2<=10,25,IF(E2<=30,20,IF(E2<=50,15,IF(E2<=100,10,0)))) -> #REF! | M2: =IF(G2>=1000,35,IF(G2>=500,28,IF(G2>=300,22,IF(G2>=100,15,IF(G2>=30,8,IF(G2>0,4,0)))))) -> #REF! | N2: =IF(H2>=100000,20,IF(H2>=50000,16,IF(H2>=10000,12,IF(H2>=1000,8,IF(H2>0,4,0))))) -> #REF! | O2: =IF(TikTok_Input!#REF!="Food & Beverage",15,0) -> #REF! | P2: =IF(F2="Y",5,0) -> #REF! | Q2: =MIN(100,L2+M2+N2+O2+P2) -> #REF! | R2: =IF(Q2>=70,"TIKTOK_STRONG",IF(Q2>=55,"TIKTOK_ACTIVE",IF(Q2>=35,"TIKTOK_WARMING",IF(Q2>=15,"TIKTOK_OBSERVED","TIKTOK_WEAK")))) -> #REF! | S2: =IF(C2="product","네이버 상품명 연결 가능",IF(C2="context","소비 맥락으로 보관",IF(C2="place","상품 판단 제외","검토 필요"))) -> #REF! | T2: =IF(C2="product","TikTok 상품형 해시태그 신호입니다. 네이버 21~200위·Top20·쇼핑 클릭 반응을 검증하세요.",IF(C2="context","TikTok 소비 맥락 신호입니다. 상품명으로 바로 연결하지 말고 관련 네이버 후보가 나타나는지 관찰하세요.",IF(C2="place","장소형 해시태그입니다. EarlyPick 상품 판단에는 직접 사용하지 않습니다.","분류 검토가 필요합니다."))) -> #REF!
A3: =TikTok_Input!#REF! -> #REF! | B3: =TikTok_Input!#REF! -> #REF! | C3: =TikTok_Input!#REF! -> #REF! | D3: =IFERROR(VLOOKUP(B3,Hashtag_Map!$A:$H,3,FALSE),"") | E3: =TikTok_Input!#REF! -> #REF! | F3: =TikTok_Input!#REF! -> #REF! | G3: =TikTok_Input!#REF! -> #REF! | H3: =TikTok_Input!#REF! -> #REF! | I3: =TikTok_Input!#REF! -> #REF! | J3: =MAX(TikTok_Input!#REF!) -> #REF! | K3: =TikTok_Input!#REF!-TikTok_Input!#REF! -> #REF! | L3: =IF(E3<=10,25,IF(E3<=30,20,IF(E3<=50,15,IF(E3<=100,10,0)))) -> #REF! | M3: =IF(G3>=1000,35,IF(G3>=500,28,IF(G3>=300,22,IF(G3>=100,15,IF(G3>=30,8,IF(G3>0,4,0)))))) -> #REF! | N3: =IF(H3>=100000,20,IF(H3>=50000,16,IF(H3>=10000,12,IF(H3>=1000,8,IF(H3>0,4,0))))) -> #REF! | O3: =IF(TikTok_Input!#REF!="Food & Beverage",15,0) -> #REF! | P3: =IF(F3="Y",5,0) -> #REF! | Q3: =MIN(100,L3+M3+N3+O3+P3) -> #REF! | R3: =IF(Q3>=70,"TIKTOK_STRONG",IF(Q3>=55,"TIKTOK_ACTIVE",IF(Q3>=35,"TIKTOK_WARMING",IF(Q3>=15,"TIKTOK_OBSERVED","TIKTOK_WEAK")))) -> #REF! | S3: =IF(C3="product","네이버 상품명 연결 가능",IF(C3="context","소비 맥락으로 보관",IF(C3="place","상품 판단 제외","검토 필요"))) -> #REF! | T3: =IF(C3="product","TikTok 상품형 해시태그 신호입니다. 네이버 21~200위·Top20·쇼핑 클릭 반응을 검증하세요.",IF(C3="context","TikTok 소비 맥락 신호입니다. 상품명으로 바로 연결하지 말고 관련 네이버 후보가 나타나는지 관찰하세요.",IF(C3="place","장소형 해시태그입니다. EarlyPick 상품 판단에는 직접 사용하지 않습니다.","분류 검토가 필요합니다."))) -> #REF!
A4: =TikTok_Input!#REF! -> #REF! | B4: =TikTok_Input!#REF! -> #REF! | C4: =TikTok_Input!#REF! -> #REF! | D4: =IFERROR(VLOOKUP(B4,Hashtag_Map!$A:$H,3,FALSE),"") | E4: =TikTok_Input!#REF! -> #REF! | F4: =TikTok_Input!#REF! -> #REF! | G4: =TikTok_Input!#REF! -> #REF! | H4: =TikTok_Input!#REF! -> #REF! | I4: =TikTok_Input!#REF! -> #REF! | J4: =MAX(TikTok_Input!#REF!) -> #REF! | K4: =TikTok_Input!#REF!-TikTok_Input!#REF! -> #REF! | L4: =IF(E4<=10,25,IF(E4<=30,20,IF(E4<=50,15,IF(E4<=100,10,0)))) -> #REF! | M4: =IF(G4>=1000,35,IF(G4>=500,28,IF(G4>=300,22,IF(G4>=100,15,IF(G4>=30,8,IF(G4>0,4,0)))))) -> #REF! | N4: =IF(H4>=100000,20,IF(H4>=50000,16,IF(H4>=10000,12,IF(H4>=1000,8,IF(H4>0,4,0))))) -> #REF! | O4: =IF(TikTok_Input!#REF!="Food & Beverage",15,0) -> #REF! | P4: =IF(F4="Y",5,0) -> #REF! | Q4: =MIN(100,L4+M4+N4+O4+P4) -> #REF! | R4: =IF(Q4>=70,"TIKTOK_STRONG",IF(Q4>=55,"TIKTOK_ACTIVE",IF(Q4>=35,"TIKTOK_WARMING",IF(Q4>=15,"TIKTOK_OBSERVED","TIKTOK_WEAK")))) -> #REF! | S4: =IF(C4="product","네이버 상품명 연결 가능",IF(C4="context","소비 맥락으로 보관",IF(C4="place","상품 판단 제외","검토 필요"))) -> #REF! | T4: =IF(C4="product","TikTok 상품형 해시태그 신호입니다. 네이버 21~200위·Top20·쇼핑 클릭 반응을 검증하세요.",IF(C4="context","TikTok 소비 맥락 신호입니다. 상품명으로 바로 연결하지 말고 관련 네이버 후보가 나타나는지 관찰하세요.",IF(C4="place","장소형 해시태그입니다. EarlyPick 상품 판단에는 직접 사용하지 않습니다.","분류 검토가 필요합니다."))) -> #REF!
A5: =TikTok_Input!#REF! -> #REF! | B5: =TikTok_Input!#REF! -> #REF! | C5: =TikTok_Input!#REF! -> #REF! | D5: =IFERROR(VLOOKUP(B5,Hashtag_Map!$A:$H,3,FALSE),"") | E5: =TikTok_Input!#REF! -> #REF! | F5: =TikTok_Input!#REF! -> #REF! | G5: =TikTok_Input!#REF! -> #REF! | H5: =TikTok_Input!#REF! -> #REF! | I5: =TikTok_Input!#REF! -> #REF! | J5: =MAX(TikTok_Input!#REF!) -> #REF! | K5: =TikTok_Input!#REF!-TikTok_Input!#REF! -> #REF! | L5: =IF(E5<=10,25,IF(E5<=30,20,IF(E5<=50,15,IF(E5<=100,10,0)))) -> #REF! | M5: =IF(G5>=1000,35,IF(G5>=500,28,IF(G5>=300,22,IF(G5>=100,15,IF(G5>=30,8,IF(G5>0,4,0)))))) -> #REF! | N5: =IF(H5>=100000,20,IF(H5>=50000,16,IF(H5>=10000,12,IF(H5>=1000,8,IF(H5>0,4,0))))) -> #REF! | O5: =IF(TikTok_Input!#REF!="Food & Beverage",15,0) -> #REF! | P5: =IF(F5="Y",5,0) -> #REF! | Q5: =MIN(100,L5+M5+N5+O5+P5) -> #REF! | R5: =IF(Q5>=70,"TIKTOK_STRONG",IF(Q5>=55,"TIKTOK_ACTIVE",IF(Q5>=35,"TIKTOK_WARMING",IF(Q5>=15,"TIKTOK_OBSERVED","TIKTOK_WEAK")))) -> #REF! | S5: =IF(C5="product","네이버 상품명 연결 가능",IF(C5="context","소비 맥락으로 보관",IF(C5="place","상품 판단 제외","검토 필요"))) -> #REF! | T5: =IF(C5="product","TikTok 상품형 해시태그 신호입니다. 네이버 21~200위·Top20·쇼핑 클릭 반응을 검증하세요.",IF(C5="context","TikTok 소비 맥락 신호입니다. 상품명으로 바로 연결하지 말고 관련 네이버 후보가 나타나는지 관찰하세요.",IF(C5="place","장소형 해시태그입니다. EarlyPick 상품 판단에는 직접 사용하지 않습니다.","분류 검토가 필요합니다."))) -> #REF!
A6: =TikTok_Input!#REF! -> #REF! | B6: =TikTok_Input!#REF! -> #REF! | C6: =TikTok_Input!#REF! -> #REF! | D6: =IFERROR(VLOOKUP(B6,Hashtag_Map!$A:$H,3,FALSE),"") | E6: =TikTok_Input!#REF! -> #REF! | F6: =TikTok_Input!#REF! -> #REF! | G6: =TikTok_Input!#REF! -> #REF! | H6: =TikTok_Input!#REF! -> #REF! | I6: =TikTok_Input!#REF! -> #REF! | J6: =MAX(TikTok_Input!#REF!) -> #REF! | K6: =TikTok_Input!#REF!-TikTok_Input!#REF! -> #REF! | L6: =IF(E6<=10,25,IF(E6<=30,20,IF(E6<=50,15,IF(E6<=100,10,0)))) -> #REF! | M6: =IF(G6>=1000,35,IF(G6>=500,28,IF(G6>=300,22,IF(G6>=100,15,IF(G6>=30,8,IF(G6>0,4,0)))))) -> #REF! | N6: =IF(H6>=100000,20,IF(H6>=50000,16,IF(H6>=10000,12,IF(H6>=1000,8,IF(H6>0,4,0))))) -> #REF! | O6: =IF(TikTok_Input!#REF!="Food & Beverage",15,0) -> #REF! | P6: =IF(F6="Y",5,0) -> #REF! | Q6: =MIN(100,L6+M6+N6+O6+P6) -> #REF! | R6: =IF(Q6>=70,"TIKTOK_STRONG",IF(Q6>=55,"TIKTOK_ACTIVE",IF(Q6>=35,"TIKTOK_WARMING",IF(Q6>=15,"TIKTOK_OBSERVED","TIKTOK_WEAK")))) -> #REF! | S6: =IF(C6="product","네이버 상품명 연결 가능",IF(C6="context","소비 맥락으로 보관",IF(C6="place","상품 판단 제외","검토 필요"))) -> #REF! | T6: =IF(C6="product","TikTok 상품형 해시태그 신호입니다. 네이버 21~200위·Top20·쇼핑 클릭 반응을 검증하세요.",IF(C6="context","TikTok 소비 맥락 신호입니다. 상품명으로 바로 연결하지 말고 관련 네이버 후보가 나타나는지 관찰하세요.",IF(C6="place","장소형 해시태그입니다. EarlyPick 상품 판단에는 직접 사용하지 않습니다.","분류 검토가 필요합니다."))) -> #REF!
A7: =TikTok_Input!#REF! -> #REF! | B7: =TikTok_Input!#REF! -> #REF! | C7: =TikTok_Input!#REF! -> #REF! | D7: =IFERROR(VLOOKUP(B7,Hashtag_Map!$A:$H,3,FALSE),"") | E7: =TikTok_Input!#REF! -> #REF! | F7: =TikTok_Input!#REF! -> #REF! | G7: =TikTok_Input!#REF! -> #REF! | H7: =TikTok_Input!#REF! -> #REF! | I7: =TikTok_Input!#REF! -> #REF! | J7: =MAX(TikTok_Input!#REF!) -> #REF! | K7: =TikTok_Input!#REF!-TikTok_Input!#REF! -> #REF! | L7: =IF(E7<=10,25,IF(E7<=30,20,IF(E7<=50,15,IF(E7<=100,10,0)))) -> #REF! | M7: =IF(G7>=1000,35,IF(G7>=500,28,IF(G7>=300,22,IF(G7>=100,15,IF(G7>=30,8,IF(G7>0,4,0)))))) -> #REF! | N7: =IF(H7>=100000,20,IF(H7>=50000,16,IF(H7>=10000,12,IF(H7>=1000,8,IF(H7>0,4,0))))) -> #REF! | O7: =IF(TikTok_Input!#REF!="Food & Beverage",15,0) -> #REF! | P7: =IF(F7="Y",5,0) -> #REF! | Q7: =MIN(100,L7+M7+N7+O7+P7) -> #REF! | R7: =IF(Q7>=70,"TIKTOK_STRONG",IF(Q7>=55,"TIKTOK_ACTIVE",IF(Q7>=35,"TIKTOK_WARMING",IF(Q7>=15,"TIKTOK_OBSERVED","TIKTOK_WEAK")))) -> #REF! | S7: =IF(C7="product","네이버 상품명 연결 가능",IF(C7="context","소비 맥락으로 보관",IF(C7="place","상품 판단 제외","검토 필요"))) -> #REF! | T7: =IF(C7="product","TikTok 상품형 해시태그 신호입니다. 네이버 21~200위·Top20·쇼핑 클릭 반응을 검증하세요.",IF(C7="context","TikTok 소비 맥락 신호입니다. 상품명으로 바로 연결하지 말고 관련 네이버 후보가 나타나는지 관찰하세요.",IF(C7="place","장소형 해시태그입니다. EarlyPick 상품 판단에는 직접 사용하지 않습니다.","분류 검토가 필요합니다."))) -> #REF!

Sheet Guide
A1: EarlyPick TikTok Creative Center 수집 기준 | B1: 열1
A2: 고정 조건 | B2: TikTok Creative Center / Food & Beverage / South Korea(KR) / Last 7 days
A3: 핵심 원칙 | B3: 정확한 상품명 추출이 어려운 related videos는 학습용 핵심 데이터로 쓰지 않음
A4: 수집 단위 | B4: 상품 단위가 아니라 해시태그 단위로 먼저 저장
A5: New 처리 | B5: New 해시태그는 D0 이벤트로 저장하고 7일간 rank/posts/interest를 추적
A6: 비교용 기준 | B6: New만 모으면 편향이 생기므로 Top10~Top20 일부를 기준 샘플로 함께 저장 권장
A7: 상품형(product) | B7: #성주참외, #말차라떼, #두바이초콜릿처럼 네이버 상품명과 연결 가능한 태그
A8: 맥락형(context) | B8: #홈카페, #간식추천처럼 소비 맥락 태그. 상품명과 직접 연결 금지
A9: 장소형(place) | B9: #홍대맛집, #서울맛집처럼 지역/외식 맥락. 상품 판단에서는 보조만 사용
A10: 네이버 검증 | B10: product형만 canonical_product_name 기준으로 네이버 21~200위/Top20/쇼핑 클릭과 연결
A11: 화면 문구 | B11: TikTok 신호만으로 유행 확정·매입·재고 확보 문구 금지
A12: 추천 표현 | B12: TikTok 신호 확인 / 네이버 반응 검증 필요 / 소비 맥락 관찰
